{
    "id": "493703870648580",
    "application": {
        "name": "Send Requests How To",
        "id": "403223126407920"
    },
    "to": {
        "name": "Chris Abe Colm",
        "id": "100003086810435"
    },
    "from": {
        "name": "Christine Abernathy",
        "id": "1424840234"
    },
    "data": "{\"badge_of_awesomeness\":\"1\",\"social_karma\":\"5\"}",
    "message": "Learn how to make your Android apps social",
    "created_time": "2012-10-07T17:29:57+0000"
}